DateKey,Date,Day,Month,MonthShort,MonthNo,Quarter,Year
20120101,1/1/2012,Sunday,January,Jan,1,1,2012
20120102,1/2/2012,Monday,January,Jan,1,1,2012
20120103,1/3/2012,Tuesday,January,Jan,1,1,2012
20120104,1/4/2012,Wednesday,January,Jan,1,1,2012
20120105,1/5/2012,Thursday,January,Jan,1,1,2012
20120106,1/6/2012,Friday,January,Jan,1,1,2012
20120107,1/7/2012,Saturday,January,Jan,1,1,2012
20120108,1/8/2012,Sunday,January,Jan,1,1,2012
20120109,1/9/2012,Monday,January,Jan,1,1,2012
20120110,1/10/2012,Tuesday,January,Jan,1,1,2012
20120111,1/11/2012,Wednesday,January,Jan,1,1,2012
20120112,1/12/2012,Thursday,January,Jan,1,1,2012
20120113,1/13/2012,Friday,January,Jan,1,1,2012
20120114,1/14/2012,Saturday,January,Jan,1,1,2012
20120115,1/15/2012,Sunday,January,Jan,1,1,2012
20120116,1/16/2012,Monday,January,Jan,1,1,2012
20120117,1/17/2012,Tuesday,January,Jan,1,1,2012
20120118,1/18/2012,Wednesday,January,Jan,1,1,2012
20120119,1/19/2012,Thursday,January,Jan,1,1,2012
20120120,1/20/2012,Friday,January,Jan,1,1,2012
20120121,1/21/2012,Saturday,January,Jan,1,1,2012
20120122,1/22/2012,Sunday,January,Jan,1,1,2012
20120123,1/23/2012,Monday,January,Jan,1,1,2012
20120124,1/24/2012,Tuesday,January,Jan,1,1,2012
20120125,1/25/2012,Wednesday,January,Jan,1,1,2012
20120126,1/26/2012,Thursday,January,Jan,1,1,2012
20120127,1/27/2012,Friday,January,Jan,1,1,2012
20120128,1/28/2012,Saturday,January,Jan,1,1,2012
20120129,1/29/2012,Sunday,January,Jan,1,1,2012
20120130,1/30/2012,Monday,January,Jan,1,1,2012
20120131,1/31/2012,Tuesday,January,Jan,1,1,2012
20120201,2/1/2012,Wednesday,February,Feb,2,1,2012
20120202,2/2/2012,Thursday,February,Feb,2,1,2012
20120203,2/3/2012,Friday,February,Feb,2,1,2012
20120204,2/4/2012,Saturday,February,Feb,2,1,2012
20120205,2/5/2012,Sunday,February,Feb,2,1,2012
20120206,2/6/2012,Monday,February,Feb,2,1,2012
20120207,2/7/2012,Tuesday,February,Feb,2,1,2012
20120208,2/8/2012,Wednesday,February,Feb,2,1,2012
20120209,2/9/2012,Thursday,February,Feb,2,1,2012
20120210,2/10/2012,Friday,February,Feb,2,1,2012
20120211,2/11/2012,Saturday,February,Feb,2,1,2012
20120212,2/12/2012,Sunday,February,Feb,2,1,2012
20120213,2/13/2012,Monday,February,Feb,2,1,2012
20120214,2/14/2012,Tuesday,February,Feb,2,1,2012
20120215,2/15/2012,Wednesday,February,Feb,2,1,2012
20120216,2/16/2012,Thursday,February,Feb,2,1,2012
20120217,2/17/2012,Friday,February,Feb,2,1,2012
20120218,2/18/2012,Saturday,February,Feb,2,1,2012
20120219,2/19/2012,Sunday,February,Feb,2,1,2012
20120220,2/20/2012,Monday,February,Feb,2,1,2012
20120221,2/21/2012,Tuesday,February,Feb,2,1,2012
20120222,2/22/2012,Wednesday,February,Feb,2,1,2012
20120223,2/23/2012,Thursday,February,Feb,2,1,2012
20120224,2/24/2012,Friday,February,Feb,2,1,2012
20120225,2/25/2012,Saturday,February,Feb,2,1,2012
20120226,2/26/2012,Sunday,February,Feb,2,1,2012
20120227,2/27/2012,Monday,February,Feb,2,1,2012
20120228,2/28/2012,Tuesday,February,Feb,2,1,2012
20120229,2/29/2012,Wednesday,February,Feb,2,1,2012
20120301,3/1/2012,Thursday,March,Mar,3,1,2012
20120302,3/2/2012,Friday,March,Mar,3,1,2012
20120303,3/3/2012,Saturday,March,Mar,3,1,2012
20120304,3/4/2012,Sunday,March,Mar,3,1,2012
20120305,3/5/2012,Monday,March,Mar,3,1,2012
20120306,3/6/2012,Tuesday,March,Mar,3,1,2012
20120307,3/7/2012,Wednesday,March,Mar,3,1,2012
20120308,3/8/2012,Thursday,March,Mar,3,1,2012
20120309,3/9/2012,Friday,March,Mar,3,1,2012
20120310,3/10/2012,Saturday,March,Mar,3,1,2012
20120311,3/11/2012,Sunday,March,Mar,3,1,2012
20120312,3/12/2012,Monday,March,Mar,3,1,2012
20120313,3/13/2012,Tuesday,March,Mar,3,1,2012
20120314,3/14/2012,Wednesday,March,Mar,3,1,2012
20120315,3/15/2012,Thursday,March,Mar,3,1,2012
20120316,3/16/2012,Friday,March,Mar,3,1,2012
20120317,3/17/2012,Saturday,March,Mar,3,1,2012
20120318,3/18/2012,Sunday,March,Mar,3,1,2012
20120319,3/19/2012,Monday,March,Mar,3,1,2012
20120320,3/20/2012,Tuesday,March,Mar,3,1,2012
20120321,3/21/2012,Wednesday,March,Mar,3,1,2012
20120322,3/22/2012,Thursday,March,Mar,3,1,2012
20120323,3/23/2012,Friday,March,Mar,3,1,2012
20120324,3/24/2012,Saturday,March,Mar,3,1,2012
20120325,3/25/2012,Sunday,March,Mar,3,1,2012
20120326,3/26/2012,Monday,March,Mar,3,1,2012
20120327,3/27/2012,Tuesday,March,Mar,3,1,2012
20120328,3/28/2012,Wednesday,March,Mar,3,1,2012
20120329,3/29/2012,Thursday,March,Mar,3,1,2012
20120330,3/30/2012,Friday,March,Mar,3,1,2012
20120331,3/31/2012,Saturday,March,Mar,3,1,2012
20120401,4/1/2012,Sunday,April,Apr,4,2,2012
20120402,4/2/2012,Monday,April,Apr,4,2,2012
20120403,4/3/2012,Tuesday,April,Apr,4,2,2012
20120404,4/4/2012,Wednesday,April,Apr,4,2,2012
20120405,4/5/2012,Thursday,April,Apr,4,2,2012
20120406,4/6/2012,Friday,April,Apr,4,2,2012
20120407,4/7/2012,Saturday,April,Apr,4,2,2012
20120408,4/8/2012,Sunday,April,Apr,4,2,2012
20120409,4/9/2012,Monday,April,Apr,4,2,2012
20120410,4/10/2012,Tuesday,April,Apr,4,2,2012
20120411,4/11/2012,Wednesday,April,Apr,4,2,2012
20120412,4/12/2012,Thursday,April,Apr,4,2,2012
20120413,4/13/2012,Friday,April,Apr,4,2,2012
20120414,4/14/2012,Saturday,April,Apr,4,2,2012
20120415,4/15/2012,Sunday,April,Apr,4,2,2012
20120416,4/16/2012,Monday,April,Apr,4,2,2012
20120417,4/17/2012,Tuesday,April,Apr,4,2,2012
20120418,4/18/2012,Wednesday,April,Apr,4,2,2012
20120419,4/19/2012,Thursday,April,Apr,4,2,2012
20120420,4/20/2012,Friday,April,Apr,4,2,2012
20120421,4/21/2012,Saturday,April,Apr,4,2,2012
20120422,4/22/2012,Sunday,April,Apr,4,2,2012
20120423,4/23/2012,Monday,April,Apr,4,2,2012
20120424,4/24/2012,Tuesday,April,Apr,4,2,2012
20120425,4/25/2012,Wednesday,April,Apr,4,2,2012
20120426,4/26/2012,Thursday,April,Apr,4,2,2012
20120427,4/27/2012,Friday,April,Apr,4,2,2012
20120428,4/28/2012,Saturday,April,Apr,4,2,2012
20120429,4/29/2012,Sunday,April,Apr,4,2,2012
20120430,4/30/2012,Monday,April,Apr,4,2,2012
20120501,5/1/2012,Tuesday,May,May,5,2,2012
20120502,5/2/2012,Wednesday,May,May,5,2,2012
20120503,5/3/2012,Thursday,May,May,5,2,2012
20120504,5/4/2012,Friday,May,May,5,2,2012
20120505,5/5/2012,Saturday,May,May,5,2,2012
20120506,5/6/2012,Sunday,May,May,5,2,2012
20120507,5/7/2012,Monday,May,May,5,2,2012
20120508,5/8/2012,Tuesday,May,May,5,2,2012
20120509,5/9/2012,Wednesday,May,May,5,2,2012
20120510,5/10/2012,Thursday,May,May,5,2,2012
20120511,5/11/2012,Friday,May,May,5,2,2012
20120512,5/12/2012,Saturday,May,May,5,2,2012
20120513,5/13/2012,Sunday,May,May,5,2,2012
20120514,5/14/2012,Monday,May,May,5,2,2012
20120515,5/15/2012,Tuesday,May,May,5,2,2012
20120516,5/16/2012,Wednesday,May,May,5,2,2012
20120517,5/17/2012,Thursday,May,May,5,2,2012
20120518,5/18/2012,Friday,May,May,5,2,2012
20120519,5/19/2012,Saturday,May,May,5,2,2012
20120520,5/20/2012,Sunday,May,May,5,2,2012
20120521,5/21/2012,Monday,May,May,5,2,2012
20120522,5/22/2012,Tuesday,May,May,5,2,2012
20120523,5/23/2012,Wednesday,May,May,5,2,2012
20120524,5/24/2012,Thursday,May,May,5,2,2012
20120525,5/25/2012,Friday,May,May,5,2,2012
20120526,5/26/2012,Saturday,May,May,5,2,2012
20120527,5/27/2012,Sunday,May,May,5,2,2012
20120528,5/28/2012,Monday,May,May,5,2,2012
20120529,5/29/2012,Tuesday,May,May,5,2,2012
20120530,5/30/2012,Wednesday,May,May,5,2,2012
20120531,5/31/2012,Thursday,May,May,5,2,2012
20120601,6/1/2012,Friday,June,Jun,6,2,2012
20120602,6/2/2012,Saturday,June,Jun,6,2,2012
20120603,6/3/2012,Sunday,June,Jun,6,2,2012
20120604,6/4/2012,Monday,June,Jun,6,2,2012
20120605,6/5/2012,Tuesday,June,Jun,6,2,2012
20120606,6/6/2012,Wednesday,June,Jun,6,2,2012
20120607,6/7/2012,Thursday,June,Jun,6,2,2012
20120608,6/8/2012,Friday,June,Jun,6,2,2012
20120609,6/9/2012,Saturday,June,Jun,6,2,2012
20120610,6/10/2012,Sunday,June,Jun,6,2,2012
20120611,6/11/2012,Monday,June,Jun,6,2,2012
20120612,6/12/2012,Tuesday,June,Jun,6,2,2012
20120613,6/13/2012,Wednesday,June,Jun,6,2,2012
20120614,6/14/2012,Thursday,June,Jun,6,2,2012
20120615,6/15/2012,Friday,June,Jun,6,2,2012
20120616,6/16/2012,Saturday,June,Jun,6,2,2012
20120617,6/17/2012,Sunday,June,Jun,6,2,2012
20120618,6/18/2012,Monday,June,Jun,6,2,2012
20120619,6/19/2012,Tuesday,June,Jun,6,2,2012
20120620,6/20/2012,Wednesday,June,Jun,6,2,2012
20120621,6/21/2012,Thursday,June,Jun,6,2,2012
20120622,6/22/2012,Friday,June,Jun,6,2,2012
20120623,6/23/2012,Saturday,June,Jun,6,2,2012
20120624,6/24/2012,Sunday,June,Jun,6,2,2012
20120625,6/25/2012,Monday,June,Jun,6,2,2012
20120626,6/26/2012,Tuesday,June,Jun,6,2,2012
20120627,6/27/2012,Wednesday,June,Jun,6,2,2012
20120628,6/28/2012,Thursday,June,Jun,6,2,2012
20120629,6/29/2012,Friday,June,Jun,6,2,2012
20120630,6/30/2012,Saturday,June,Jun,6,2,2012
20120701,7/1/2012,Sunday,July,Jul,7,3,2012
20120702,7/2/2012,Monday,July,Jul,7,3,2012
20120703,7/3/2012,Tuesday,July,Jul,7,3,2012
20120704,7/4/2012,Wednesday,July,Jul,7,3,2012
20120705,7/5/2012,Thursday,July,Jul,7,3,2012
20120706,7/6/2012,Friday,July,Jul,7,3,2012
20120707,7/7/2012,Saturday,July,Jul,7,3,2012
20120708,7/8/2012,Sunday,July,Jul,7,3,2012
20120709,7/9/2012,Monday,July,Jul,7,3,2012
20120710,7/10/2012,Tuesday,July,Jul,7,3,2012
20120711,7/11/2012,Wednesday,July,Jul,7,3,2012
20120712,7/12/2012,Thursday,July,Jul,7,3,2012
20120713,7/13/2012,Friday,July,Jul,7,3,2012
20120714,7/14/2012,Saturday,July,Jul,7,3,2012
20120715,7/15/2012,Sunday,July,Jul,7,3,2012
20120716,7/16/2012,Monday,July,Jul,7,3,2012
20120717,7/17/2012,Tuesday,July,Jul,7,3,2012
20120718,7/18/2012,Wednesday,July,Jul,7,3,2012
20120719,7/19/2012,Thursday,July,Jul,7,3,2012
20120720,7/20/2012,Friday,July,Jul,7,3,2012
20120721,7/21/2012,Saturday,July,Jul,7,3,2012
20120722,7/22/2012,Sunday,July,Jul,7,3,2012
20120723,7/23/2012,Monday,July,Jul,7,3,2012
20120724,7/24/2012,Tuesday,July,Jul,7,3,2012
20120725,7/25/2012,Wednesday,July,Jul,7,3,2012
20120726,7/26/2012,Thursday,July,Jul,7,3,2012
20120727,7/27/2012,Friday,July,Jul,7,3,2012
20120728,7/28/2012,Saturday,July,Jul,7,3,2012
20120729,7/29/2012,Sunday,July,Jul,7,3,2012
20120730,7/30/2012,Monday,July,Jul,7,3,2012
20120731,7/31/2012,Tuesday,July,Jul,7,3,2012
20120801,8/1/2012,Wednesday,August,Aug,8,3,2012
20120802,8/2/2012,Thursday,August,Aug,8,3,2012
20120803,8/3/2012,Friday,August,Aug,8,3,2012
20120804,8/4/2012,Saturday,August,Aug,8,3,2012
20120805,8/5/2012,Sunday,August,Aug,8,3,2012
20120806,8/6/2012,Monday,August,Aug,8,3,2012
20120807,8/7/2012,Tuesday,August,Aug,8,3,2012
20120808,8/8/2012,Wednesday,August,Aug,8,3,2012
20120809,8/9/2012,Thursday,August,Aug,8,3,2012
20120810,8/10/2012,Friday,August,Aug,8,3,2012
20120811,8/11/2012,Saturday,August,Aug,8,3,2012
20120812,8/12/2012,Sunday,August,Aug,8,3,2012
20120813,8/13/2012,Monday,August,Aug,8,3,2012
20120814,8/14/2012,Tuesday,August,Aug,8,3,2012
20120815,8/15/2012,Wednesday,August,Aug,8,3,2012
20120816,8/16/2012,Thursday,August,Aug,8,3,2012
20120817,8/17/2012,Friday,August,Aug,8,3,2012
20120818,8/18/2012,Saturday,August,Aug,8,3,2012
20120819,8/19/2012,Sunday,August,Aug,8,3,2012
20120820,8/20/2012,Monday,August,Aug,8,3,2012
20120821,8/21/2012,Tuesday,August,Aug,8,3,2012
20120822,8/22/2012,Wednesday,August,Aug,8,3,2012
20120823,8/23/2012,Thursday,August,Aug,8,3,2012
20120824,8/24/2012,Friday,August,Aug,8,3,2012
20120825,8/25/2012,Saturday,August,Aug,8,3,2012
20120826,8/26/2012,Sunday,August,Aug,8,3,2012
20120827,8/27/2012,Monday,August,Aug,8,3,2012
20120828,8/28/2012,Tuesday,August,Aug,8,3,2012
20120829,8/29/2012,Wednesday,August,Aug,8,3,2012
20120830,8/30/2012,Thursday,August,Aug,8,3,2012
20120831,8/31/2012,Friday,August,Aug,8,3,2012
20120901,9/1/2012,Saturday,September,Sep,9,3,2012
20120902,9/2/2012,Sunday,September,Sep,9,3,2012
20120903,9/3/2012,Monday,September,Sep,9,3,2012
20120904,9/4/2012,Tuesday,September,Sep,9,3,2012
20120905,9/5/2012,Wednesday,September,Sep,9,3,2012
20120906,9/6/2012,Thursday,September,Sep,9,3,2012
20120907,9/7/2012,Friday,September,Sep,9,3,2012
20120908,9/8/2012,Saturday,September,Sep,9,3,2012
20120909,9/9/2012,Sunday,September,Sep,9,3,2012
20120910,9/10/2012,Monday,September,Sep,9,3,2012
20120911,9/11/2012,Tuesday,September,Sep,9,3,2012
20120912,9/12/2012,Wednesday,September,Sep,9,3,2012
20120913,9/13/2012,Thursday,September,Sep,9,3,2012
20120914,9/14/2012,Friday,September,Sep,9,3,2012
20120915,9/15/2012,Saturday,September,Sep,9,3,2012
20120916,9/16/2012,Sunday,September,Sep,9,3,2012
20120917,9/17/2012,Monday,September,Sep,9,3,2012
20120918,9/18/2012,Tuesday,September,Sep,9,3,2012
20120919,9/19/2012,Wednesday,September,Sep,9,3,2012
20120920,9/20/2012,Thursday,September,Sep,9,3,2012
20120921,9/21/2012,Friday,September,Sep,9,3,2012
20120922,9/22/2012,Saturday,September,Sep,9,3,2012
20120923,9/23/2012,Sunday,September,Sep,9,3,2012
20120924,9/24/2012,Monday,September,Sep,9,3,2012
20120925,9/25/2012,Tuesday,September,Sep,9,3,2012
20120926,9/26/2012,Wednesday,September,Sep,9,3,2012
20120927,9/27/2012,Thursday,September,Sep,9,3,2012
20120928,9/28/2012,Friday,September,Sep,9,3,2012
20120929,9/29/2012,Saturday,September,Sep,9,3,2012
20120930,9/30/2012,Sunday,September,Sep,9,3,2012
20121001,10/1/2012,Monday,October,Oct,10,4,2012
20121002,10/2/2012,Tuesday,October,Oct,10,4,2012
20121003,10/3/2012,Wednesday,October,Oct,10,4,2012
20121004,10/4/2012,Thursday,October,Oct,10,4,2012
20121005,10/5/2012,Friday,October,Oct,10,4,2012
20121006,10/6/2012,Saturday,October,Oct,10,4,2012
20121007,10/7/2012,Sunday,October,Oct,10,4,2012
20121008,10/8/2012,Monday,October,Oct,10,4,2012
20121009,10/9/2012,Tuesday,October,Oct,10,4,2012
20121010,10/10/2012,Wednesday,October,Oct,10,4,2012
20121011,10/11/2012,Thursday,October,Oct,10,4,2012
20121012,10/12/2012,Friday,October,Oct,10,4,2012
20121013,10/13/2012,Saturday,October,Oct,10,4,2012
20121014,10/14/2012,Sunday,October,Oct,10,4,2012
20121015,10/15/2012,Monday,October,Oct,10,4,2012
20121016,10/16/2012,Tuesday,October,Oct,10,4,2012
20121017,10/17/2012,Wednesday,October,Oct,10,4,2012
20121018,10/18/2012,Thursday,October,Oct,10,4,2012
20121019,10/19/2012,Friday,October,Oct,10,4,2012
20121020,10/20/2012,Saturday,October,Oct,10,4,2012
20121021,10/21/2012,Sunday,October,Oct,10,4,2012
20121022,10/22/2012,Monday,October,Oct,10,4,2012
20121023,10/23/2012,Tuesday,October,Oct,10,4,2012
20121024,10/24/2012,Wednesday,October,Oct,10,4,2012
20121025,10/25/2012,Thursday,October,Oct,10,4,2012
20121026,10/26/2012,Friday,October,Oct,10,4,2012
20121027,10/27/2012,Saturday,October,Oct,10,4,2012
20121028,10/28/2012,Sunday,October,Oct,10,4,2012
20121029,10/29/2012,Monday,October,Oct,10,4,2012
20121030,10/30/2012,Tuesday,October,Oct,10,4,2012
20121031,10/31/2012,Wednesday,October,Oct,10,4,2012
20121101,11/1/2012,Thursday,November,Nov,11,4,2012
20121102,11/2/2012,Friday,November,Nov,11,4,2012
20121103,11/3/2012,Saturday,November,Nov,11,4,2012
20121104,11/4/2012,Sunday,November,Nov,11,4,2012
20121105,11/5/2012,Monday,November,Nov,11,4,2012
20121106,11/6/2012,Tuesday,November,Nov,11,4,2012
20121107,11/7/2012,Wednesday,November,Nov,11,4,2012
20121108,11/8/2012,Thursday,November,Nov,11,4,2012
20121109,11/9/2012,Friday,November,Nov,11,4,2012
20121110,11/10/2012,Saturday,November,Nov,11,4,2012
20121111,11/11/2012,Sunday,November,Nov,11,4,2012
20121112,11/12/2012,Monday,November,Nov,11,4,2012
20121113,11/13/2012,Tuesday,November,Nov,11,4,2012
20121114,11/14/2012,Wednesday,November,Nov,11,4,2012
20121115,11/15/2012,Thursday,November,Nov,11,4,2012
20121116,11/16/2012,Friday,November,Nov,11,4,2012
20121117,11/17/2012,Saturday,November,Nov,11,4,2012
20121118,11/18/2012,Sunday,November,Nov,11,4,2012
20121119,11/19/2012,Monday,November,Nov,11,4,2012
20121120,11/20/2012,Tuesday,November,Nov,11,4,2012
20121121,11/21/2012,Wednesday,November,Nov,11,4,2012
20121122,11/22/2012,Thursday,November,Nov,11,4,2012
20121123,11/23/2012,Friday,November,Nov,11,4,2012
20121124,11/24/2012,Saturday,November,Nov,11,4,2012
20121125,11/25/2012,Sunday,November,Nov,11,4,2012
20121126,11/26/2012,Monday,November,Nov,11,4,2012
20121127,11/27/2012,Tuesday,November,Nov,11,4,2012
20121128,11/28/2012,Wednesday,November,Nov,11,4,2012
20121129,11/29/2012,Thursday,November,Nov,11,4,2012
20121130,11/30/2012,Friday,November,Nov,11,4,2012
20121201,12/1/2012,Saturday,December,Dec,12,4,2012
20121202,12/2/2012,Sunday,December,Dec,12,4,2012
20121203,12/3/2012,Monday,December,Dec,12,4,2012
20121204,12/4/2012,Tuesday,December,Dec,12,4,2012
20121205,12/5/2012,Wednesday,December,Dec,12,4,2012
20121206,12/6/2012,Thursday,December,Dec,12,4,2012
20121207,12/7/2012,Friday,December,Dec,12,4,2012
20121208,12/8/2012,Saturday,December,Dec,12,4,2012
20121209,12/9/2012,Sunday,December,Dec,12,4,2012
20121210,12/10/2012,Monday,December,Dec,12,4,2012
20121211,12/11/2012,Tuesday,December,Dec,12,4,2012
20121212,12/12/2012,Wednesday,December,Dec,12,4,2012
20121213,12/13/2012,Thursday,December,Dec,12,4,2012
20121214,12/14/2012,Friday,December,Dec,12,4,2012
20121215,12/15/2012,Saturday,December,Dec,12,4,2012
20121216,12/16/2012,Sunday,December,Dec,12,4,2012
20121217,12/17/2012,Monday,December,Dec,12,4,2012
20121218,12/18/2012,Tuesday,December,Dec,12,4,2012
20121219,12/19/2012,Wednesday,December,Dec,12,4,2012
20121220,12/20/2012,Thursday,December,Dec,12,4,2012
20121221,12/21/2012,Friday,December,Dec,12,4,2012
20121222,12/22/2012,Saturday,December,Dec,12,4,2012
20121223,12/23/2012,Sunday,December,Dec,12,4,2012
20121224,12/24/2012,Monday,December,Dec,12,4,2012
20121225,12/25/2012,Tuesday,December,Dec,12,4,2012
20121226,12/26/2012,Wednesday,December,Dec,12,4,2012
20121227,12/27/2012,Thursday,December,Dec,12,4,2012
20121228,12/28/2012,Friday,December,Dec,12,4,2012
20121229,12/29/2012,Saturday,December,Dec,12,4,2012
20121230,12/30/2012,Sunday,December,Dec,12,4,2012
20121231,12/31/2012,Monday,December,Dec,12,4,2012
20130101,1/1/2013,Tuesday,January,Jan,1,1,2013
20130102,1/2/2013,Wednesday,January,Jan,1,1,2013
20130103,1/3/2013,Thursday,January,Jan,1,1,2013
20130104,1/4/2013,Friday,January,Jan,1,1,2013
20130105,1/5/2013,Saturday,January,Jan,1,1,2013
20130106,1/6/2013,Sunday,January,Jan,1,1,2013
20130107,1/7/2013,Monday,January,Jan,1,1,2013
20130108,1/8/2013,Tuesday,January,Jan,1,1,2013
20130109,1/9/2013,Wednesday,January,Jan,1,1,2013
20130110,1/10/2013,Thursday,January,Jan,1,1,2013
20130111,1/11/2013,Friday,January,Jan,1,1,2013
20130112,1/12/2013,Saturday,January,Jan,1,1,2013
20130113,1/13/2013,Sunday,January,Jan,1,1,2013
20130114,1/14/2013,Monday,January,Jan,1,1,2013
20130115,1/15/2013,Tuesday,January,Jan,1,1,2013
20130116,1/16/2013,Wednesday,January,Jan,1,1,2013
20130117,1/17/2013,Thursday,January,Jan,1,1,2013
20130118,1/18/2013,Friday,January,Jan,1,1,2013
20130119,1/19/2013,Saturday,January,Jan,1,1,2013
20130120,1/20/2013,Sunday,January,Jan,1,1,2013
20130121,1/21/2013,Monday,January,Jan,1,1,2013
20130122,1/22/2013,Tuesday,January,Jan,1,1,2013
20130123,1/23/2013,Wednesday,January,Jan,1,1,2013
20130124,1/24/2013,Thursday,January,Jan,1,1,2013
20130125,1/25/2013,Friday,January,Jan,1,1,2013
20130126,1/26/2013,Saturday,January,Jan,1,1,2013
20130127,1/27/2013,Sunday,January,Jan,1,1,2013
20130128,1/28/2013,Monday,January,Jan,1,1,2013
20130129,1/29/2013,Tuesday,January,Jan,1,1,2013
20130130,1/30/2013,Wednesday,January,Jan,1,1,2013
20130131,1/31/2013,Thursday,January,Jan,1,1,2013
20130201,2/1/2013,Friday,February,Feb,2,1,2013
20130202,2/2/2013,Saturday,February,Feb,2,1,2013
20130203,2/3/2013,Sunday,February,Feb,2,1,2013
20130204,2/4/2013,Monday,February,Feb,2,1,2013
20130205,2/5/2013,Tuesday,February,Feb,2,1,2013
20130206,2/6/2013,Wednesday,February,Feb,2,1,2013
20130207,2/7/2013,Thursday,February,Feb,2,1,2013
20130208,2/8/2013,Friday,February,Feb,2,1,2013
20130209,2/9/2013,Saturday,February,Feb,2,1,2013
20130210,2/10/2013,Sunday,February,Feb,2,1,2013
20130211,2/11/2013,Monday,February,Feb,2,1,2013
20130212,2/12/2013,Tuesday,February,Feb,2,1,2013
20130213,2/13/2013,Wednesday,February,Feb,2,1,2013
20130214,2/14/2013,Thursday,February,Feb,2,1,2013
20130215,2/15/2013,Friday,February,Feb,2,1,2013
20130216,2/16/2013,Saturday,February,Feb,2,1,2013
20130217,2/17/2013,Sunday,February,Feb,2,1,2013
20130218,2/18/2013,Monday,February,Feb,2,1,2013
20130219,2/19/2013,Tuesday,February,Feb,2,1,2013
20130220,2/20/2013,Wednesday,February,Feb,2,1,2013
20130221,2/21/2013,Thursday,February,Feb,2,1,2013
20130222,2/22/2013,Friday,February,Feb,2,1,2013
20130223,2/23/2013,Saturday,February,Feb,2,1,2013
20130224,2/24/2013,Sunday,February,Feb,2,1,2013
20130225,2/25/2013,Monday,February,Feb,2,1,2013
20130226,2/26/2013,Tuesday,February,Feb,2,1,2013
20130227,2/27/2013,Wednesday,February,Feb,2,1,2013
20130228,2/28/2013,Thursday,February,Feb,2,1,2013
20130301,3/1/2013,Friday,March,Mar,3,1,2013
20130302,3/2/2013,Saturday,March,Mar,3,1,2013
20130303,3/3/2013,Sunday,March,Mar,3,1,2013
20130304,3/4/2013,Monday,March,Mar,3,1,2013
20130305,3/5/2013,Tuesday,March,Mar,3,1,2013
20130306,3/6/2013,Wednesday,March,Mar,3,1,2013
20130307,3/7/2013,Thursday,March,Mar,3,1,2013
20130308,3/8/2013,Friday,March,Mar,3,1,2013
20130309,3/9/2013,Saturday,March,Mar,3,1,2013
20130310,3/10/2013,Sunday,March,Mar,3,1,2013
20130311,3/11/2013,Monday,March,Mar,3,1,2013
20130312,3/12/2013,Tuesday,March,Mar,3,1,2013
20130313,3/13/2013,Wednesday,March,Mar,3,1,2013
20130314,3/14/2013,Thursday,March,Mar,3,1,2013
20130315,3/15/2013,Friday,March,Mar,3,1,2013
20130316,3/16/2013,Saturday,March,Mar,3,1,2013
20130317,3/17/2013,Sunday,March,Mar,3,1,2013
20130318,3/18/2013,Monday,March,Mar,3,1,2013
20130319,3/19/2013,Tuesday,March,Mar,3,1,2013
20130320,3/20/2013,Wednesday,March,Mar,3,1,2013
20130321,3/21/2013,Thursday,March,Mar,3,1,2013
20130322,3/22/2013,Friday,March,Mar,3,1,2013
20130323,3/23/2013,Saturday,March,Mar,3,1,2013
20130324,3/24/2013,Sunday,March,Mar,3,1,2013
20130325,3/25/2013,Monday,March,Mar,3,1,2013
20130326,3/26/2013,Tuesday,March,Mar,3,1,2013
20130327,3/27/2013,Wednesday,March,Mar,3,1,2013
20130328,3/28/2013,Thursday,March,Mar,3,1,2013
20130329,3/29/2013,Friday,March,Mar,3,1,2013
20130330,3/30/2013,Saturday,March,Mar,3,1,2013
20130331,3/31/2013,Sunday,March,Mar,3,1,2013
20130401,4/1/2013,Monday,April,Apr,4,2,2013
20130402,4/2/2013,Tuesday,April,Apr,4,2,2013
20130403,4/3/2013,Wednesday,April,Apr,4,2,2013
20130404,4/4/2013,Thursday,April,Apr,4,2,2013
20130405,4/5/2013,Friday,April,Apr,4,2,2013
20130406,4/6/2013,Saturday,April,Apr,4,2,2013
20130407,4/7/2013,Sunday,April,Apr,4,2,2013
20130408,4/8/2013,Monday,April,Apr,4,2,2013
20130409,4/9/2013,Tuesday,April,Apr,4,2,2013
20130410,4/10/2013,Wednesday,April,Apr,4,2,2013
20130411,4/11/2013,Thursday,April,Apr,4,2,2013
20130412,4/12/2013,Friday,April,Apr,4,2,2013
20130413,4/13/2013,Saturday,April,Apr,4,2,2013
20130414,4/14/2013,Sunday,April,Apr,4,2,2013
20130415,4/15/2013,Monday,April,Apr,4,2,2013
20130416,4/16/2013,Tuesday,April,Apr,4,2,2013
20130417,4/17/2013,Wednesday,April,Apr,4,2,2013
20130418,4/18/2013,Thursday,April,Apr,4,2,2013
20130419,4/19/2013,Friday,April,Apr,4,2,2013
20130420,4/20/2013,Saturday,April,Apr,4,2,2013
20130421,4/21/2013,Sunday,April,Apr,4,2,2013
20130422,4/22/2013,Monday,April,Apr,4,2,2013
20130423,4/23/2013,Tuesday,April,Apr,4,2,2013
20130424,4/24/2013,Wednesday,April,Apr,4,2,2013
20130425,4/25/2013,Thursday,April,Apr,4,2,2013
20130426,4/26/2013,Friday,April,Apr,4,2,2013
20130427,4/27/2013,Saturday,April,Apr,4,2,2013
20130428,4/28/2013,Sunday,April,Apr,4,2,2013
20130429,4/29/2013,Monday,April,Apr,4,2,2013
20130430,4/30/2013,Tuesday,April,Apr,4,2,2013
20130501,5/1/2013,Wednesday,May,May,5,2,2013
20130502,5/2/2013,Thursday,May,May,5,2,2013
20130503,5/3/2013,Friday,May,May,5,2,2013
20130504,5/4/2013,Saturday,May,May,5,2,2013
20130505,5/5/2013,Sunday,May,May,5,2,2013
20130506,5/6/2013,Monday,May,May,5,2,2013
20130507,5/7/2013,Tuesday,May,May,5,2,2013
20130508,5/8/2013,Wednesday,May,May,5,2,2013
20130509,5/9/2013,Thursday,May,May,5,2,2013
20130510,5/10/2013,Friday,May,May,5,2,2013
20130511,5/11/2013,Saturday,May,May,5,2,2013
20130512,5/12/2013,Sunday,May,May,5,2,2013
20130513,5/13/2013,Monday,May,May,5,2,2013
20130514,5/14/2013,Tuesday,May,May,5,2,2013
20130515,5/15/2013,Wednesday,May,May,5,2,2013
20130516,5/16/2013,Thursday,May,May,5,2,2013
20130517,5/17/2013,Friday,May,May,5,2,2013
20130518,5/18/2013,Saturday,May,May,5,2,2013
20130519,5/19/2013,Sunday,May,May,5,2,2013
20130520,5/20/2013,Monday,May,May,5,2,2013
20130521,5/21/2013,Tuesday,May,May,5,2,2013
20130522,5/22/2013,Wednesday,May,May,5,2,2013
20130523,5/23/2013,Thursday,May,May,5,2,2013
20130524,5/24/2013,Friday,May,May,5,2,2013
20130525,5/25/2013,Saturday,May,May,5,2,2013
20130526,5/26/2013,Sunday,May,May,5,2,2013
20130527,5/27/2013,Monday,May,May,5,2,2013
20130528,5/28/2013,Tuesday,May,May,5,2,2013
20130529,5/29/2013,Wednesday,May,May,5,2,2013
20130530,5/30/2013,Thursday,May,May,5,2,2013
20130531,5/31/2013,Friday,May,May,5,2,2013
20130601,6/1/2013,Saturday,June,Jun,6,2,2013
20130602,6/2/2013,Sunday,June,Jun,6,2,2013
20130603,6/3/2013,Monday,June,Jun,6,2,2013
20130604,6/4/2013,Tuesday,June,Jun,6,2,2013
20130605,6/5/2013,Wednesday,June,Jun,6,2,2013
20130606,6/6/2013,Thursday,June,Jun,6,2,2013
20130607,6/7/2013,Friday,June,Jun,6,2,2013
20130608,6/8/2013,Saturday,June,Jun,6,2,2013
20130609,6/9/2013,Sunday,June,Jun,6,2,2013
20130610,6/10/2013,Monday,June,Jun,6,2,2013
20130611,6/11/2013,Tuesday,June,Jun,6,2,2013
20130612,6/12/2013,Wednesday,June,Jun,6,2,2013
20130613,6/13/2013,Thursday,June,Jun,6,2,2013
20130614,6/14/2013,Friday,June,Jun,6,2,2013
20130615,6/15/2013,Saturday,June,Jun,6,2,2013
20130616,6/16/2013,Sunday,June,Jun,6,2,2013
20130617,6/17/2013,Monday,June,Jun,6,2,2013
20130618,6/18/2013,Tuesday,June,Jun,6,2,2013
20130619,6/19/2013,Wednesday,June,Jun,6,2,2013
20130620,6/20/2013,Thursday,June,Jun,6,2,2013
20130621,6/21/2013,Friday,June,Jun,6,2,2013
20130622,6/22/2013,Saturday,June,Jun,6,2,2013
20130623,6/23/2013,Sunday,June,Jun,6,2,2013
20130624,6/24/2013,Monday,June,Jun,6,2,2013
20130625,6/25/2013,Tuesday,June,Jun,6,2,2013
20130626,6/26/2013,Wednesday,June,Jun,6,2,2013
20130627,6/27/2013,Thursday,June,Jun,6,2,2013
20130628,6/28/2013,Friday,June,Jun,6,2,2013
20130629,6/29/2013,Saturday,June,Jun,6,2,2013
20130630,6/30/2013,Sunday,June,Jun,6,2,2013
20130701,7/1/2013,Monday,July,Jul,7,3,2013
20130702,7/2/2013,Tuesday,July,Jul,7,3,2013
20130703,7/3/2013,Wednesday,July,Jul,7,3,2013
20130704,7/4/2013,Thursday,July,Jul,7,3,2013
20130705,7/5/2013,Friday,July,Jul,7,3,2013
20130706,7/6/2013,Saturday,July,Jul,7,3,2013
20130707,7/7/2013,Sunday,July,Jul,7,3,2013
20130708,7/8/2013,Monday,July,Jul,7,3,2013
20130709,7/9/2013,Tuesday,July,Jul,7,3,2013
20130710,7/10/2013,Wednesday,July,Jul,7,3,2013
20130711,7/11/2013,Thursday,July,Jul,7,3,2013
20130712,7/12/2013,Friday,July,Jul,7,3,2013
20130713,7/13/2013,Saturday,July,Jul,7,3,2013
20130714,7/14/2013,Sunday,July,Jul,7,3,2013
20130715,7/15/2013,Monday,July,Jul,7,3,2013
20130716,7/16/2013,Tuesday,July,Jul,7,3,2013
20130717,7/17/2013,Wednesday,July,Jul,7,3,2013
20130718,7/18/2013,Thursday,July,Jul,7,3,2013
20130719,7/19/2013,Friday,July,Jul,7,3,2013
20130720,7/20/2013,Saturday,July,Jul,7,3,2013
20130721,7/21/2013,Sunday,July,Jul,7,3,2013
20130722,7/22/2013,Monday,July,Jul,7,3,2013
20130723,7/23/2013,Tuesday,July,Jul,7,3,2013
20130724,7/24/2013,Wednesday,July,Jul,7,3,2013
20130725,7/25/2013,Thursday,July,Jul,7,3,2013
20130726,7/26/2013,Friday,July,Jul,7,3,2013
20130727,7/27/2013,Saturday,July,Jul,7,3,2013
20130728,7/28/2013,Sunday,July,Jul,7,3,2013
20130729,7/29/2013,Monday,July,Jul,7,3,2013
20130730,7/30/2013,Tuesday,July,Jul,7,3,2013
20130731,7/31/2013,Wednesday,July,Jul,7,3,2013
20130801,8/1/2013,Thursday,August,Aug,8,3,2013
20130802,8/2/2013,Friday,August,Aug,8,3,2013
20130803,8/3/2013,Saturday,August,Aug,8,3,2013
20130804,8/4/2013,Sunday,August,Aug,8,3,2013
20130805,8/5/2013,Monday,August,Aug,8,3,2013
20130806,8/6/2013,Tuesday,August,Aug,8,3,2013
20130807,8/7/2013,Wednesday,August,Aug,8,3,2013
20130808,8/8/2013,Thursday,August,Aug,8,3,2013
20130809,8/9/2013,Friday,August,Aug,8,3,2013
20130810,8/10/2013,Saturday,August,Aug,8,3,2013
20130811,8/11/2013,Sunday,August,Aug,8,3,2013
20130812,8/12/2013,Monday,August,Aug,8,3,2013
20130813,8/13/2013,Tuesday,August,Aug,8,3,2013
20130814,8/14/2013,Wednesday,August,Aug,8,3,2013
20130815,8/15/2013,Thursday,August,Aug,8,3,2013
20130816,8/16/2013,Friday,August,Aug,8,3,2013
20130817,8/17/2013,Saturday,August,Aug,8,3,2013
20130818,8/18/2013,Sunday,August,Aug,8,3,2013
20130819,8/19/2013,Monday,August,Aug,8,3,2013
20130820,8/20/2013,Tuesday,August,Aug,8,3,2013
20130821,8/21/2013,Wednesday,August,Aug,8,3,2013
20130822,8/22/2013,Thursday,August,Aug,8,3,2013
20130823,8/23/2013,Friday,August,Aug,8,3,2013
20130824,8/24/2013,Saturday,August,Aug,8,3,2013
20130825,8/25/2013,Sunday,August,Aug,8,3,2013
20130826,8/26/2013,Monday,August,Aug,8,3,2013
20130827,8/27/2013,Tuesday,August,Aug,8,3,2013
20130828,8/28/2013,Wednesday,August,Aug,8,3,2013
20130829,8/29/2013,Thursday,August,Aug,8,3,2013
20130830,8/30/2013,Friday,August,Aug,8,3,2013
20130831,8/31/2013,Saturday,August,Aug,8,3,2013
20130901,9/1/2013,Sunday,September,Sep,9,3,2013
20130902,9/2/2013,Monday,September,Sep,9,3,2013
20130903,9/3/2013,Tuesday,September,Sep,9,3,2013
20130904,9/4/2013,Wednesday,September,Sep,9,3,2013
20130905,9/5/2013,Thursday,September,Sep,9,3,2013
20130906,9/6/2013,Friday,September,Sep,9,3,2013
20130907,9/7/2013,Saturday,September,Sep,9,3,2013
20130908,9/8/2013,Sunday,September,Sep,9,3,2013
20130909,9/9/2013,Monday,September,Sep,9,3,2013
20130910,9/10/2013,Tuesday,September,Sep,9,3,2013
20130911,9/11/2013,Wednesday,September,Sep,9,3,2013
20130912,9/12/2013,Thursday,September,Sep,9,3,2013
20130913,9/13/2013,Friday,September,Sep,9,3,2013
20130914,9/14/2013,Saturday,September,Sep,9,3,2013
20130915,9/15/2013,Sunday,September,Sep,9,3,2013
20130916,9/16/2013,Monday,September,Sep,9,3,2013
20130917,9/17/2013,Tuesday,September,Sep,9,3,2013
20130918,9/18/2013,Wednesday,September,Sep,9,3,2013
20130919,9/19/2013,Thursday,September,Sep,9,3,2013
20130920,9/20/2013,Friday,September,Sep,9,3,2013
20130921,9/21/2013,Saturday,September,Sep,9,3,2013
20130922,9/22/2013,Sunday,September,Sep,9,3,2013
20130923,9/23/2013,Monday,September,Sep,9,3,2013
20130924,9/24/2013,Tuesday,September,Sep,9,3,2013
20130925,9/25/2013,Wednesday,September,Sep,9,3,2013
20130926,9/26/2013,Thursday,September,Sep,9,3,2013
20130927,9/27/2013,Friday,September,Sep,9,3,2013
20130928,9/28/2013,Saturday,September,Sep,9,3,2013
20130929,9/29/2013,Sunday,September,Sep,9,3,2013
20130930,9/30/2013,Monday,September,Sep,9,3,2013
20131001,10/1/2013,Tuesday,October,Oct,10,4,2013
20131002,10/2/2013,Wednesday,October,Oct,10,4,2013
20131003,10/3/2013,Thursday,October,Oct,10,4,2013
20131004,10/4/2013,Friday,October,Oct,10,4,2013
20131005,10/5/2013,Saturday,October,Oct,10,4,2013
20131006,10/6/2013,Sunday,October,Oct,10,4,2013
20131007,10/7/2013,Monday,October,Oct,10,4,2013
20131008,10/8/2013,Tuesday,October,Oct,10,4,2013
20131009,10/9/2013,Wednesday,October,Oct,10,4,2013
20131010,10/10/2013,Thursday,October,Oct,10,4,2013
20131011,10/11/2013,Friday,October,Oct,10,4,2013
20131012,10/12/2013,Saturday,October,Oct,10,4,2013
20131013,10/13/2013,Sunday,October,Oct,10,4,2013
20131014,10/14/2013,Monday,October,Oct,10,4,2013
20131015,10/15/2013,Tuesday,October,Oct,10,4,2013
20131016,10/16/2013,Wednesday,October,Oct,10,4,2013
20131017,10/17/2013,Thursday,October,Oct,10,4,2013
20131018,10/18/2013,Friday,October,Oct,10,4,2013
20131019,10/19/2013,Saturday,October,Oct,10,4,2013
20131020,10/20/2013,Sunday,October,Oct,10,4,2013
20131021,10/21/2013,Monday,October,Oct,10,4,2013
20131022,10/22/2013,Tuesday,October,Oct,10,4,2013
20131023,10/23/2013,Wednesday,October,Oct,10,4,2013
20131024,10/24/2013,Thursday,October,Oct,10,4,2013
20131025,10/25/2013,Friday,October,Oct,10,4,2013
20131026,10/26/2013,Saturday,October,Oct,10,4,2013
20131027,10/27/2013,Sunday,October,Oct,10,4,2013
20131028,10/28/2013,Monday,October,Oct,10,4,2013
20131029,10/29/2013,Tuesday,October,Oct,10,4,2013
20131030,10/30/2013,Wednesday,October,Oct,10,4,2013
20131031,10/31/2013,Thursday,October,Oct,10,4,2013
20131101,11/1/2013,Friday,November,Nov,11,4,2013
20131102,11/2/2013,Saturday,November,Nov,11,4,2013
20131103,11/3/2013,Sunday,November,Nov,11,4,2013
20131104,11/4/2013,Monday,November,Nov,11,4,2013
20131105,11/5/2013,Tuesday,November,Nov,11,4,2013
20131106,11/6/2013,Wednesday,November,Nov,11,4,2013
20131107,11/7/2013,Thursday,November,Nov,11,4,2013
20131108,11/8/2013,Friday,November,Nov,11,4,2013
20131109,11/9/2013,Saturday,November,Nov,11,4,2013
20131110,11/10/2013,Sunday,November,Nov,11,4,2013
20131111,11/11/2013,Monday,November,Nov,11,4,2013
20131112,11/12/2013,Tuesday,November,Nov,11,4,2013
20131113,11/13/2013,Wednesday,November,Nov,11,4,2013
20131114,11/14/2013,Thursday,November,Nov,11,4,2013
20131115,11/15/2013,Friday,November,Nov,11,4,2013
20131116,11/16/2013,Saturday,November,Nov,11,4,2013
20131117,11/17/2013,Sunday,November,Nov,11,4,2013
20131118,11/18/2013,Monday,November,Nov,11,4,2013
20131119,11/19/2013,Tuesday,November,Nov,11,4,2013
20131120,11/20/2013,Wednesday,November,Nov,11,4,2013
20131121,11/21/2013,Thursday,November,Nov,11,4,2013
20131122,11/22/2013,Friday,November,Nov,11,4,2013
20131123,11/23/2013,Saturday,November,Nov,11,4,2013
20131124,11/24/2013,Sunday,November,Nov,11,4,2013
20131125,11/25/2013,Monday,November,Nov,11,4,2013
20131126,11/26/2013,Tuesday,November,Nov,11,4,2013
20131127,11/27/2013,Wednesday,November,Nov,11,4,2013
20131128,11/28/2013,Thursday,November,Nov,11,4,2013
20131129,11/29/2013,Friday,November,Nov,11,4,2013
20131130,11/30/2013,Saturday,November,Nov,11,4,2013
20131201,12/1/2013,Sunday,December,Dec,12,4,2013
20131202,12/2/2013,Monday,December,Dec,12,4,2013
20131203,12/3/2013,Tuesday,December,Dec,12,4,2013
20131204,12/4/2013,Wednesday,December,Dec,12,4,2013
20131205,12/5/2013,Thursday,December,Dec,12,4,2013
20131206,12/6/2013,Friday,December,Dec,12,4,2013
20131207,12/7/2013,Saturday,December,Dec,12,4,2013
20131208,12/8/2013,Sunday,December,Dec,12,4,2013
20131209,12/9/2013,Monday,December,Dec,12,4,2013
20131210,12/10/2013,Tuesday,December,Dec,12,4,2013
20131211,12/11/2013,Wednesday,December,Dec,12,4,2013
20131212,12/12/2013,Thursday,December,Dec,12,4,2013
20131213,12/13/2013,Friday,December,Dec,12,4,2013
20131214,12/14/2013,Saturday,December,Dec,12,4,2013
20131215,12/15/2013,Sunday,December,Dec,12,4,2013
20131216,12/16/2013,Monday,December,Dec,12,4,2013
20131217,12/17/2013,Tuesday,December,Dec,12,4,2013
20131218,12/18/2013,Wednesday,December,Dec,12,4,2013
20131219,12/19/2013,Thursday,December,Dec,12,4,2013
20131220,12/20/2013,Friday,December,Dec,12,4,2013
20131221,12/21/2013,Saturday,December,Dec,12,4,2013
20131222,12/22/2013,Sunday,December,Dec,12,4,2013
20131223,12/23/2013,Monday,December,Dec,12,4,2013
20131224,12/24/2013,Tuesday,December,Dec,12,4,2013
20131225,12/25/2013,Wednesday,December,Dec,12,4,2013
20131226,12/26/2013,Thursday,December,Dec,12,4,2013
20131227,12/27/2013,Friday,December,Dec,12,4,2013
20131228,12/28/2013,Saturday,December,Dec,12,4,2013
20131229,12/29/2013,Sunday,December,Dec,12,4,2013
20131230,12/30/2013,Monday,December,Dec,12,4,2013
20131231,12/31/2013,Tuesday,December,Dec,12,4,2013
20140101,1/1/2014,Wednesday,January,Jan,1,1,2014
20140102,1/2/2014,Thursday,January,Jan,1,1,2014
20140103,1/3/2014,Friday,January,Jan,1,1,2014
20140104,1/4/2014,Saturday,January,Jan,1,1,2014
20140105,1/5/2014,Sunday,January,Jan,1,1,2014
20140106,1/6/2014,Monday,January,Jan,1,1,2014
20140107,1/7/2014,Tuesday,January,Jan,1,1,2014
20140108,1/8/2014,Wednesday,January,Jan,1,1,2014
20140109,1/9/2014,Thursday,January,Jan,1,1,2014
20140110,1/10/2014,Friday,January,Jan,1,1,2014
20140111,1/11/2014,Saturday,January,Jan,1,1,2014
20140112,1/12/2014,Sunday,January,Jan,1,1,2014
20140113,1/13/2014,Monday,January,Jan,1,1,2014
20140114,1/14/2014,Tuesday,January,Jan,1,1,2014
20140115,1/15/2014,Wednesday,January,Jan,1,1,2014
20140116,1/16/2014,Thursday,January,Jan,1,1,2014
20140117,1/17/2014,Friday,January,Jan,1,1,2014
20140118,1/18/2014,Saturday,January,Jan,1,1,2014
20140119,1/19/2014,Sunday,January,Jan,1,1,2014
20140120,1/20/2014,Monday,January,Jan,1,1,2014
20140121,1/21/2014,Tuesday,January,Jan,1,1,2014
20140122,1/22/2014,Wednesday,January,Jan,1,1,2014
20140123,1/23/2014,Thursday,January,Jan,1,1,2014
20140124,1/24/2014,Friday,January,Jan,1,1,2014
20140125,1/25/2014,Saturday,January,Jan,1,1,2014
20140126,1/26/2014,Sunday,January,Jan,1,1,2014
20140127,1/27/2014,Monday,January,Jan,1,1,2014
20140128,1/28/2014,Tuesday,January,Jan,1,1,2014
20140129,1/29/2014,Wednesday,January,Jan,1,1,2014
20140130,1/30/2014,Thursday,January,Jan,1,1,2014
20140131,1/31/2014,Friday,January,Jan,1,1,2014
20140201,2/1/2014,Saturday,February,Feb,2,1,2014
20140202,2/2/2014,Sunday,February,Feb,2,1,2014
20140203,2/3/2014,Monday,February,Feb,2,1,2014
20140204,2/4/2014,Tuesday,February,Feb,2,1,2014
20140205,2/5/2014,Wednesday,February,Feb,2,1,2014
20140206,2/6/2014,Thursday,February,Feb,2,1,2014
20140207,2/7/2014,Friday,February,Feb,2,1,2014
20140208,2/8/2014,Saturday,February,Feb,2,1,2014
20140209,2/9/2014,Sunday,February,Feb,2,1,2014
20140210,2/10/2014,Monday,February,Feb,2,1,2014
20140211,2/11/2014,Tuesday,February,Feb,2,1,2014
20140212,2/12/2014,Wednesday,February,Feb,2,1,2014
20140213,2/13/2014,Thursday,February,Feb,2,1,2014
20140214,2/14/2014,Friday,February,Feb,2,1,2014
20140215,2/15/2014,Saturday,February,Feb,2,1,2014
20140216,2/16/2014,Sunday,February,Feb,2,1,2014
20140217,2/17/2014,Monday,February,Feb,2,1,2014
20140218,2/18/2014,Tuesday,February,Feb,2,1,2014
20140219,2/19/2014,Wednesday,February,Feb,2,1,2014
20140220,2/20/2014,Thursday,February,Feb,2,1,2014
20140221,2/21/2014,Friday,February,Feb,2,1,2014
20140222,2/22/2014,Saturday,February,Feb,2,1,2014
20140223,2/23/2014,Sunday,February,Feb,2,1,2014
20140224,2/24/2014,Monday,February,Feb,2,1,2014
20140225,2/25/2014,Tuesday,February,Feb,2,1,2014
20140226,2/26/2014,Wednesday,February,Feb,2,1,2014
20140227,2/27/2014,Thursday,February,Feb,2,1,2014
20140228,2/28/2014,Friday,February,Feb,2,1,2014
20140301,3/1/2014,Saturday,March,Mar,3,1,2014
20140302,3/2/2014,Sunday,March,Mar,3,1,2014
20140303,3/3/2014,Monday,March,Mar,3,1,2014
20140304,3/4/2014,Tuesday,March,Mar,3,1,2014
20140305,3/5/2014,Wednesday,March,Mar,3,1,2014
20140306,3/6/2014,Thursday,March,Mar,3,1,2014
20140307,3/7/2014,Friday,March,Mar,3,1,2014
20140308,3/8/2014,Saturday,March,Mar,3,1,2014
20140309,3/9/2014,Sunday,March,Mar,3,1,2014
20140310,3/10/2014,Monday,March,Mar,3,1,2014
20140311,3/11/2014,Tuesday,March,Mar,3,1,2014
20140312,3/12/2014,Wednesday,March,Mar,3,1,2014
20140313,3/13/2014,Thursday,March,Mar,3,1,2014
20140314,3/14/2014,Friday,March,Mar,3,1,2014
20140315,3/15/2014,Saturday,March,Mar,3,1,2014
20140316,3/16/2014,Sunday,March,Mar,3,1,2014
20140317,3/17/2014,Monday,March,Mar,3,1,2014
20140318,3/18/2014,Tuesday,March,Mar,3,1,2014
20140319,3/19/2014,Wednesday,March,Mar,3,1,2014
20140320,3/20/2014,Thursday,March,Mar,3,1,2014
20140321,3/21/2014,Friday,March,Mar,3,1,2014
20140322,3/22/2014,Saturday,March,Mar,3,1,2014
20140323,3/23/2014,Sunday,March,Mar,3,1,2014
20140324,3/24/2014,Monday,March,Mar,3,1,2014
20140325,3/25/2014,Tuesday,March,Mar,3,1,2014
20140326,3/26/2014,Wednesday,March,Mar,3,1,2014
20140327,3/27/2014,Thursday,March,Mar,3,1,2014
20140328,3/28/2014,Friday,March,Mar,3,1,2014
20140329,3/29/2014,Saturday,March,Mar,3,1,2014
20140330,3/30/2014,Sunday,March,Mar,3,1,2014
20140331,3/31/2014,Monday,March,Mar,3,1,2014
20140401,4/1/2014,Tuesday,April,Apr,4,2,2014
20140402,4/2/2014,Wednesday,April,Apr,4,2,2014
20140403,4/3/2014,Thursday,April,Apr,4,2,2014
20140404,4/4/2014,Friday,April,Apr,4,2,2014
20140405,4/5/2014,Saturday,April,Apr,4,2,2014
20140406,4/6/2014,Sunday,April,Apr,4,2,2014
20140407,4/7/2014,Monday,April,Apr,4,2,2014
20140408,4/8/2014,Tuesday,April,Apr,4,2,2014
20140409,4/9/2014,Wednesday,April,Apr,4,2,2014
20140410,4/10/2014,Thursday,April,Apr,4,2,2014
20140411,4/11/2014,Friday,April,Apr,4,2,2014
20140412,4/12/2014,Saturday,April,Apr,4,2,2014
20140413,4/13/2014,Sunday,April,Apr,4,2,2014
20140414,4/14/2014,Monday,April,Apr,4,2,2014
20140415,4/15/2014,Tuesday,April,Apr,4,2,2014
20140416,4/16/2014,Wednesday,April,Apr,4,2,2014
20140417,4/17/2014,Thursday,April,Apr,4,2,2014
20140418,4/18/2014,Friday,April,Apr,4,2,2014
20140419,4/19/2014,Saturday,April,Apr,4,2,2014
20140420,4/20/2014,Sunday,April,Apr,4,2,2014
20140421,4/21/2014,Monday,April,Apr,4,2,2014
20140422,4/22/2014,Tuesday,April,Apr,4,2,2014
20140423,4/23/2014,Wednesday,April,Apr,4,2,2014
20140424,4/24/2014,Thursday,April,Apr,4,2,2014
20140425,4/25/2014,Friday,April,Apr,4,2,2014
20140426,4/26/2014,Saturday,April,Apr,4,2,2014
20140427,4/27/2014,Sunday,April,Apr,4,2,2014
20140428,4/28/2014,Monday,April,Apr,4,2,2014
20140429,4/29/2014,Tuesday,April,Apr,4,2,2014
20140430,4/30/2014,Wednesday,April,Apr,4,2,2014
20140501,5/1/2014,Thursday,May,May,5,2,2014
20140502,5/2/2014,Friday,May,May,5,2,2014
20140503,5/3/2014,Saturday,May,May,5,2,2014
20140504,5/4/2014,Sunday,May,May,5,2,2014
20140505,5/5/2014,Monday,May,May,5,2,2014
20140506,5/6/2014,Tuesday,May,May,5,2,2014
20140507,5/7/2014,Wednesday,May,May,5,2,2014
20140508,5/8/2014,Thursday,May,May,5,2,2014
20140509,5/9/2014,Friday,May,May,5,2,2014
20140510,5/10/2014,Saturday,May,May,5,2,2014
20140511,5/11/2014,Sunday,May,May,5,2,2014
20140512,5/12/2014,Monday,May,May,5,2,2014
20140513,5/13/2014,Tuesday,May,May,5,2,2014
20140514,5/14/2014,Wednesday,May,May,5,2,2014
20140515,5/15/2014,Thursday,May,May,5,2,2014
20140516,5/16/2014,Friday,May,May,5,2,2014
20140517,5/17/2014,Saturday,May,May,5,2,2014
20140518,5/18/2014,Sunday,May,May,5,2,2014
20140519,5/19/2014,Monday,May,May,5,2,2014
20140520,5/20/2014,Tuesday,May,May,5,2,2014
20140521,5/21/2014,Wednesday,May,May,5,2,2014
20140522,5/22/2014,Thursday,May,May,5,2,2014
20140523,5/23/2014,Friday,May,May,5,2,2014
20140524,5/24/2014,Saturday,May,May,5,2,2014
20140525,5/25/2014,Sunday,May,May,5,2,2014
20140526,5/26/2014,Monday,May,May,5,2,2014
20140527,5/27/2014,Tuesday,May,May,5,2,2014
20140528,5/28/2014,Wednesday,May,May,5,2,2014
20140529,5/29/2014,Thursday,May,May,5,2,2014
20140530,5/30/2014,Friday,May,May,5,2,2014
20140531,5/31/2014,Saturday,May,May,5,2,2014
20140601,6/1/2014,Sunday,June,Jun,6,2,2014
20140602,6/2/2014,Monday,June,Jun,6,2,2014
20140603,6/3/2014,Tuesday,June,Jun,6,2,2014
20140604,6/4/2014,Wednesday,June,Jun,6,2,2014
20140605,6/5/2014,Thursday,June,Jun,6,2,2014
20140606,6/6/2014,Friday,June,Jun,6,2,2014
20140607,6/7/2014,Saturday,June,Jun,6,2,2014
20140608,6/8/2014,Sunday,June,Jun,6,2,2014
20140609,6/9/2014,Monday,June,Jun,6,2,2014
20140610,6/10/2014,Tuesday,June,Jun,6,2,2014
20140611,6/11/2014,Wednesday,June,Jun,6,2,2014
20140612,6/12/2014,Thursday,June,Jun,6,2,2014
20140613,6/13/2014,Friday,June,Jun,6,2,2014
20140614,6/14/2014,Saturday,June,Jun,6,2,2014
20140615,6/15/2014,Sunday,June,Jun,6,2,2014
20140616,6/16/2014,Monday,June,Jun,6,2,2014
20140617,6/17/2014,Tuesday,June,Jun,6,2,2014
20140618,6/18/2014,Wednesday,June,Jun,6,2,2014
20140619,6/19/2014,Thursday,June,Jun,6,2,2014
20140620,6/20/2014,Friday,June,Jun,6,2,2014
20140621,6/21/2014,Saturday,June,Jun,6,2,2014
20140622,6/22/2014,Sunday,June,Jun,6,2,2014
20140623,6/23/2014,Monday,June,Jun,6,2,2014
20140624,6/24/2014,Tuesday,June,Jun,6,2,2014
20140625,6/25/2014,Wednesday,June,Jun,6,2,2014
20140626,6/26/2014,Thursday,June,Jun,6,2,2014
20140627,6/27/2014,Friday,June,Jun,6,2,2014
20140628,6/28/2014,Saturday,June,Jun,6,2,2014
20140629,6/29/2014,Sunday,June,Jun,6,2,2014
20140630,6/30/2014,Monday,June,Jun,6,2,2014
20140701,7/1/2014,Tuesday,July,Jul,7,3,2014
20140702,7/2/2014,Wednesday,July,Jul,7,3,2014
20140703,7/3/2014,Thursday,July,Jul,7,3,2014
20140704,7/4/2014,Friday,July,Jul,7,3,2014
20140705,7/5/2014,Saturday,July,Jul,7,3,2014
20140706,7/6/2014,Sunday,July,Jul,7,3,2014
20140707,7/7/2014,Monday,July,Jul,7,3,2014
20140708,7/8/2014,Tuesday,July,Jul,7,3,2014
20140709,7/9/2014,Wednesday,July,Jul,7,3,2014
20140710,7/10/2014,Thursday,July,Jul,7,3,2014
20140711,7/11/2014,Friday,July,Jul,7,3,2014
20140712,7/12/2014,Saturday,July,Jul,7,3,2014
20140713,7/13/2014,Sunday,July,Jul,7,3,2014
20140714,7/14/2014,Monday,July,Jul,7,3,2014
20140715,7/15/2014,Tuesday,July,Jul,7,3,2014
20140716,7/16/2014,Wednesday,July,Jul,7,3,2014
20140717,7/17/2014,Thursday,July,Jul,7,3,2014
20140718,7/18/2014,Friday,July,Jul,7,3,2014
20140719,7/19/2014,Saturday,July,Jul,7,3,2014
20140720,7/20/2014,Sunday,July,Jul,7,3,2014
20140721,7/21/2014,Monday,July,Jul,7,3,2014
20140722,7/22/2014,Tuesday,July,Jul,7,3,2014
20140723,7/23/2014,Wednesday,July,Jul,7,3,2014
20140724,7/24/2014,Thursday,July,Jul,7,3,2014
20140725,7/25/2014,Friday,July,Jul,7,3,2014
20140726,7/26/2014,Saturday,July,Jul,7,3,2014
20140727,7/27/2014,Sunday,July,Jul,7,3,2014
20140728,7/28/2014,Monday,July,Jul,7,3,2014
20140729,7/29/2014,Tuesday,July,Jul,7,3,2014
20140730,7/30/2014,Wednesday,July,Jul,7,3,2014
20140731,7/31/2014,Thursday,July,Jul,7,3,2014
20140801,8/1/2014,Friday,August,Aug,8,3,2014
20140802,8/2/2014,Saturday,August,Aug,8,3,2014
20140803,8/3/2014,Sunday,August,Aug,8,3,2014
20140804,8/4/2014,Monday,August,Aug,8,3,2014
20140805,8/5/2014,Tuesday,August,Aug,8,3,2014
20140806,8/6/2014,Wednesday,August,Aug,8,3,2014
20140807,8/7/2014,Thursday,August,Aug,8,3,2014
20140808,8/8/2014,Friday,August,Aug,8,3,2014
20140809,8/9/2014,Saturday,August,Aug,8,3,2014
20140810,8/10/2014,Sunday,August,Aug,8,3,2014
20140811,8/11/2014,Monday,August,Aug,8,3,2014
20140812,8/12/2014,Tuesday,August,Aug,8,3,2014
20140813,8/13/2014,Wednesday,August,Aug,8,3,2014
20140814,8/14/2014,Thursday,August,Aug,8,3,2014
20140815,8/15/2014,Friday,August,Aug,8,3,2014
20140816,8/16/2014,Saturday,August,Aug,8,3,2014
20140817,8/17/2014,Sunday,August,Aug,8,3,2014
20140818,8/18/2014,Monday,August,Aug,8,3,2014
20140819,8/19/2014,Tuesday,August,Aug,8,3,2014
20140820,8/20/2014,Wednesday,August,Aug,8,3,2014
20140821,8/21/2014,Thursday,August,Aug,8,3,2014
20140822,8/22/2014,Friday,August,Aug,8,3,2014
20140823,8/23/2014,Saturday,August,Aug,8,3,2014
20140824,8/24/2014,Sunday,August,Aug,8,3,2014
20140825,8/25/2014,Monday,August,Aug,8,3,2014
20140826,8/26/2014,Tuesday,August,Aug,8,3,2014
20140827,8/27/2014,Wednesday,August,Aug,8,3,2014
20140828,8/28/2014,Thursday,August,Aug,8,3,2014
20140829,8/29/2014,Friday,August,Aug,8,3,2014
20140830,8/30/2014,Saturday,August,Aug,8,3,2014
20140831,8/31/2014,Sunday,August,Aug,8,3,2014
20140901,9/1/2014,Monday,September,Sep,9,3,2014
20140902,9/2/2014,Tuesday,September,Sep,9,3,2014
20140903,9/3/2014,Wednesday,September,Sep,9,3,2014
20140904,9/4/2014,Thursday,September,Sep,9,3,2014
20140905,9/5/2014,Friday,September,Sep,9,3,2014
20140906,9/6/2014,Saturday,September,Sep,9,3,2014
20140907,9/7/2014,Sunday,September,Sep,9,3,2014
20140908,9/8/2014,Monday,September,Sep,9,3,2014
20140909,9/9/2014,Tuesday,September,Sep,9,3,2014
20140910,9/10/2014,Wednesday,September,Sep,9,3,2014
20140911,9/11/2014,Thursday,September,Sep,9,3,2014
20140912,9/12/2014,Friday,September,Sep,9,3,2014
20140913,9/13/2014,Saturday,September,Sep,9,3,2014
20140914,9/14/2014,Sunday,September,Sep,9,3,2014
20140915,9/15/2014,Monday,September,Sep,9,3,2014
20140916,9/16/2014,Tuesday,September,Sep,9,3,2014
20140917,9/17/2014,Wednesday,September,Sep,9,3,2014
20140918,9/18/2014,Thursday,September,Sep,9,3,2014
20140919,9/19/2014,Friday,September,Sep,9,3,2014
20140920,9/20/2014,Saturday,September,Sep,9,3,2014
20140921,9/21/2014,Sunday,September,Sep,9,3,2014
20140922,9/22/2014,Monday,September,Sep,9,3,2014
20140923,9/23/2014,Tuesday,September,Sep,9,3,2014
20140924,9/24/2014,Wednesday,September,Sep,9,3,2014
20140925,9/25/2014,Thursday,September,Sep,9,3,2014
20140926,9/26/2014,Friday,September,Sep,9,3,2014
20140927,9/27/2014,Saturday,September,Sep,9,3,2014
20140928,9/28/2014,Sunday,September,Sep,9,3,2014
20140929,9/29/2014,Monday,September,Sep,9,3,2014
20140930,9/30/2014,Tuesday,September,Sep,9,3,2014
20141001,10/1/2014,Wednesday,October,Oct,10,4,2014
20141002,10/2/2014,Thursday,October,Oct,10,4,2014
20141003,10/3/2014,Friday,October,Oct,10,4,2014
20141004,10/4/2014,Saturday,October,Oct,10,4,2014
20141005,10/5/2014,Sunday,October,Oct,10,4,2014
20141006,10/6/2014,Monday,October,Oct,10,4,2014
20141007,10/7/2014,Tuesday,October,Oct,10,4,2014
20141008,10/8/2014,Wednesday,October,Oct,10,4,2014
20141009,10/9/2014,Thursday,October,Oct,10,4,2014
20141010,10/10/2014,Friday,October,Oct,10,4,2014
20141011,10/11/2014,Saturday,October,Oct,10,4,2014
20141012,10/12/2014,Sunday,October,Oct,10,4,2014
20141013,10/13/2014,Monday,October,Oct,10,4,2014
20141014,10/14/2014,Tuesday,October,Oct,10,4,2014
20141015,10/15/2014,Wednesday,October,Oct,10,4,2014
20141016,10/16/2014,Thursday,October,Oct,10,4,2014
20141017,10/17/2014,Friday,October,Oct,10,4,2014
20141018,10/18/2014,Saturday,October,Oct,10,4,2014
20141019,10/19/2014,Sunday,October,Oct,10,4,2014
20141020,10/20/2014,Monday,October,Oct,10,4,2014
20141021,10/21/2014,Tuesday,October,Oct,10,4,2014
20141022,10/22/2014,Wednesday,October,Oct,10,4,2014
20141023,10/23/2014,Thursday,October,Oct,10,4,2014
20141024,10/24/2014,Friday,October,Oct,10,4,2014
20141025,10/25/2014,Saturday,October,Oct,10,4,2014
20141026,10/26/2014,Sunday,October,Oct,10,4,2014
20141027,10/27/2014,Monday,October,Oct,10,4,2014
20141028,10/28/2014,Tuesday,October,Oct,10,4,2014
20141029,10/29/2014,Wednesday,October,Oct,10,4,2014
20141030,10/30/2014,Thursday,October,Oct,10,4,2014
20141031,10/31/2014,Friday,October,Oct,10,4,2014
20141101,11/1/2014,Saturday,November,Nov,11,4,2014
20141102,11/2/2014,Sunday,November,Nov,11,4,2014
20141103,11/3/2014,Monday,November,Nov,11,4,2014
20141104,11/4/2014,Tuesday,November,Nov,11,4,2014
20141105,11/5/2014,Wednesday,November,Nov,11,4,2014
20141106,11/6/2014,Thursday,November,Nov,11,4,2014
20141107,11/7/2014,Friday,November,Nov,11,4,2014
20141108,11/8/2014,Saturday,November,Nov,11,4,2014
20141109,11/9/2014,Sunday,November,Nov,11,4,2014
20141110,11/10/2014,Monday,November,Nov,11,4,2014
20141111,11/11/2014,Tuesday,November,Nov,11,4,2014
20141112,11/12/2014,Wednesday,November,Nov,11,4,2014
20141113,11/13/2014,Thursday,November,Nov,11,4,2014
20141114,11/14/2014,Friday,November,Nov,11,4,2014
20141115,11/15/2014,Saturday,November,Nov,11,4,2014
20141116,11/16/2014,Sunday,November,Nov,11,4,2014
20141117,11/17/2014,Monday,November,Nov,11,4,2014
20141118,11/18/2014,Tuesday,November,Nov,11,4,2014
20141119,11/19/2014,Wednesday,November,Nov,11,4,2014
20141120,11/20/2014,Thursday,November,Nov,11,4,2014
20141121,11/21/2014,Friday,November,Nov,11,4,2014
20141122,11/22/2014,Saturday,November,Nov,11,4,2014
20141123,11/23/2014,Sunday,November,Nov,11,4,2014
20141124,11/24/2014,Monday,November,Nov,11,4,2014
20141125,11/25/2014,Tuesday,November,Nov,11,4,2014
20141126,11/26/2014,Wednesday,November,Nov,11,4,2014
20141127,11/27/2014,Thursday,November,Nov,11,4,2014
20141128,11/28/2014,Friday,November,Nov,11,4,2014
20141129,11/29/2014,Saturday,November,Nov,11,4,2014
20141130,11/30/2014,Sunday,November,Nov,11,4,2014
20141201,12/1/2014,Monday,December,Dec,12,4,2014
20141202,12/2/2014,Tuesday,December,Dec,12,4,2014
20141203,12/3/2014,Wednesday,December,Dec,12,4,2014
20141204,12/4/2014,Thursday,December,Dec,12,4,2014
20141205,12/5/2014,Friday,December,Dec,12,4,2014
20141206,12/6/2014,Saturday,December,Dec,12,4,2014
20141207,12/7/2014,Sunday,December,Dec,12,4,2014
20141208,12/8/2014,Monday,December,Dec,12,4,2014
20141209,12/9/2014,Tuesday,December,Dec,12,4,2014
20141210,12/10/2014,Wednesday,December,Dec,12,4,2014
20141211,12/11/2014,Thursday,December,Dec,12,4,2014
20141212,12/12/2014,Friday,December,Dec,12,4,2014
20141213,12/13/2014,Saturday,December,Dec,12,4,2014
20141214,12/14/2014,Sunday,December,Dec,12,4,2014
20141215,12/15/2014,Monday,December,Dec,12,4,2014
20141216,12/16/2014,Tuesday,December,Dec,12,4,2014
20141217,12/17/2014,Wednesday,December,Dec,12,4,2014
20141218,12/18/2014,Thursday,December,Dec,12,4,2014
20141219,12/19/2014,Friday,December,Dec,12,4,2014
20141220,12/20/2014,Saturday,December,Dec,12,4,2014
20141221,12/21/2014,Sunday,December,Dec,12,4,2014
20141222,12/22/2014,Monday,December,Dec,12,4,2014
20141223,12/23/2014,Tuesday,December,Dec,12,4,2014
20141224,12/24/2014,Wednesday,December,Dec,12,4,2014
20141225,12/25/2014,Thursday,December,Dec,12,4,2014
20141226,12/26/2014,Friday,December,Dec,12,4,2014
20141227,12/27/2014,Saturday,December,Dec,12,4,2014
20141228,12/28/2014,Sunday,December,Dec,12,4,2014
20141229,12/29/2014,Monday,December,Dec,12,4,2014
20141230,12/30/2014,Tuesday,December,Dec,12,4,2014
20141231,12/31/2014,Wednesday,December,Dec,12,4,2014
